{
  "train_loss": [
    1.3565642468579167,
    1.0545116178639284,
    0.9738936509285774,
    0.9377589590899594,
    0.9146444584106231,
    0.8976441006560426,
    0.884612425098886,
    0.8738460236496025,
    0.8652340974841084,
    0.8578865058772214
  ],
  "val_loss": [
    1.1300312586128711,
    0.9991191640496254,
    0.9510227404534817,
    0.9227144695818424,
    0.90267768278718,
    0.8874629080295563,
    0.8753338802605868,
    0.8658287335187197,
    0.8578501518815755,
    0.8515128858387471
  ],
  "train_iou": [
    0.14987789218619574,
    0.22481594623118142,
    0.25799584979911827,
    0.27568924375171006,
    0.2858711217142383,
    0.29467980795440957,
    0.29984242171550746,
    0.30590953708400037,
    0.3114591077198544,
    0.3149993005529073
  ],
  "val_iou": [
    0.18949222606057547,
    0.2275641809261651,
    0.24642352999389155,
    0.2579693274062619,
    0.2632879099531894,
    0.2727951962866124,
    0.2756483432819449,
    0.27818486008399645,
    0.2838713526154859,
    0.2854555419024816
  ]
}